dataset,model,status_path,counts,seeds_by_status
ASSISTments,Markov,rq2.learner_level_outcome_tasks.persistent_failure_prediction,"{""completed"": 3}","{""completed"": [20260703, 20260704, 20260705]}"
ASSISTments,Markov,rq2.learner_level_outcome_tasks.recovery_prediction,"{""completed"": 3}","{""completed"": [20260703, 20260704, 20260705]}"
ASSISTments,SeqVAE,rq2.learner_level_outcome_tasks.persistent_failure_prediction,"{""completed"": 2, ""completed_with_model_collapse"": 1}","{""completed"": [20260703, 20260705], ""completed_with_model_collapse"": [20260704]}"
ASSISTments,SeqVAE,rq2.learner_level_outcome_tasks.persistent_failure_prediction.non_estimable_arms.synthetic_train,"{""not_estimable_model_collapse"": 1}","{""not_estimable_model_collapse"": [20260704]}"
ASSISTments,SeqVAE,rq2.learner_level_outcome_tasks.recovery_prediction,"{""completed"": 3}","{""completed"": [20260703, 20260704, 20260705]}"
ASSISTments,TimeGAN,rq2.learner_level_outcome_tasks.persistent_failure_prediction,"{""completed_with_model_collapse"": 3}","{""completed_with_model_collapse"": [20260703, 20260704, 20260705]}"
ASSISTments,TimeGAN,rq2.learner_level_outcome_tasks.persistent_failure_prediction.non_estimable_arms.synthetic_train,"{""not_estimable_model_collapse"": 3}","{""not_estimable_model_collapse"": [20260703, 20260704, 20260705]}"
ASSISTments,TimeGAN,rq2.learner_level_outcome_tasks.persistent_failure_prediction.non_estimable_arms.tail_targeted_synthetic,"{""not_estimable_model_collapse"": 3}","{""not_estimable_model_collapse"": [20260703, 20260704, 20260705]}"
ASSISTments,TimeGAN,rq2.learner_level_outcome_tasks.recovery_prediction,"{""completed"": 1, ""completed_with_model_collapse"": 2}","{""completed"": [20260704], ""completed_with_model_collapse"": [20260703, 20260705]}"
ASSISTments,TimeGAN,rq2.learner_level_outcome_tasks.recovery_prediction.non_estimable_arms.synthetic_train,"{""not_estimable_model_collapse"": 2}","{""not_estimable_model_collapse"": [20260703, 20260705]}"
ASSISTments,TimeGAN,rq2.learner_level_outcome_tasks.recovery_prediction.non_estimable_arms.tail_targeted_synthetic,"{""not_estimable_model_collapse"": 2}","{""not_estimable_model_collapse"": [20260703, 20260705]}"
EdNet,Markov,rq2.learner_level_outcome_tasks.persistent_failure_prediction,"{""completed"": 3}","{""completed"": [20260703, 20260704, 20260705]}"
EdNet,Markov,rq2.learner_level_outcome_tasks.recovery_prediction,"{""completed"": 3}","{""completed"": [20260703, 20260704, 20260705]}"
EdNet,SeqVAE,rq2.learner_level_outcome_tasks.persistent_failure_prediction,"{""completed"": 3}","{""completed"": [20260703, 20260704, 20260705]}"
EdNet,SeqVAE,rq2.learner_level_outcome_tasks.recovery_prediction,"{""completed"": 3}","{""completed"": [20260703, 20260704, 20260705]}"
EdNet,TimeGAN,rq2.learner_level_outcome_tasks.persistent_failure_prediction,"{""completed_with_model_collapse"": 3}","{""completed_with_model_collapse"": [20260703, 20260704, 20260705]}"
EdNet,TimeGAN,rq2.learner_level_outcome_tasks.persistent_failure_prediction.non_estimable_arms.synthetic_train,"{""not_estimable_model_collapse"": 3}","{""not_estimable_model_collapse"": [20260703, 20260704, 20260705]}"
EdNet,TimeGAN,rq2.learner_level_outcome_tasks.persistent_failure_prediction.non_estimable_arms.tail_targeted_synthetic,"{""not_estimable_model_collapse"": 3}","{""not_estimable_model_collapse"": [20260703, 20260704, 20260705]}"
EdNet,TimeGAN,rq2.learner_level_outcome_tasks.recovery_prediction,"{""completed_with_model_collapse"": 3}","{""completed_with_model_collapse"": [20260703, 20260704, 20260705]}"
EdNet,TimeGAN,rq2.learner_level_outcome_tasks.recovery_prediction.non_estimable_arms.synthetic_train,"{""not_estimable_model_collapse"": 3}","{""not_estimable_model_collapse"": [20260703, 20260704, 20260705]}"
EdNet,TimeGAN,rq2.learner_level_outcome_tasks.recovery_prediction.non_estimable_arms.tail_targeted_synthetic,"{""not_estimable_model_collapse"": 3}","{""not_estimable_model_collapse"": [20260703, 20260704, 20260705]}"
OULAD,Markov,rq2.learner_level_outcome_tasks.course_failure_prediction,"{""completed"": 3}","{""completed"": [20260703, 20260704, 20260705]}"
OULAD,Markov,rq2.learner_level_outcome_tasks.dropout_prediction,"{""completed"": 3}","{""completed"": [20260703, 20260704, 20260705]}"
OULAD,SeqVAE,rq2.learner_level_outcome_tasks.course_failure_prediction,"{""completed"": 3}","{""completed"": [20260703, 20260704, 20260705]}"
OULAD,SeqVAE,rq2.learner_level_outcome_tasks.dropout_prediction,"{""completed"": 3}","{""completed"": [20260703, 20260704, 20260705]}"
OULAD,TimeGAN,rq2.learner_level_outcome_tasks.course_failure_prediction,"{""completed"": 3}","{""completed"": [20260703, 20260704, 20260705]}"
OULAD,TimeGAN,rq2.learner_level_outcome_tasks.dropout_prediction,"{""completed"": 3}","{""completed"": [20260703, 20260704, 20260705]}"
