dataset,model,rare_group,source_tail_group,real_mean,real_std,standard_mean,standard_std,targeted_mean,targeted_std,standard_signed_mean,standard_signed_std,targeted_signed_mean,targeted_signed_std
ASSISTments,Markov,High Hint Use,high_hint_use,0.04199475065616798,0.0,0.012734519296199086,0.001549273592933725,0.05793720229415767,0.002977232007604462,-0.029260231359968893,0.0015492735929337252,0.015942451637989696,0.002977232007604462
ASSISTments,Markov,Late Correctness Decline,late_failure,0.026538349372995044,0.0,0.031496062992125984,0.0012599865263746197,0.046563623991445514,0.0028407969663074694,0.004957713619130939,0.0012599865263746197,0.02002527461845047,0.0028407969663074694
ASSISTments,Markov,Persistent Low Correctness,persistent_failure,0.024496937882764653,0.0,0.004763293477204238,0.001722566846181525,0.022261106250607562,0.005478371849365362,-0.019733644405560413,0.0017225668461815242,-0.0022358316321570908,0.005478371849365362
ASSISTments,Markov,Rapid Low-Accuracy Responding,rapid_guessing,0.025663458734324875,0.0,0.011665208515602215,0.0014483974361574163,0.041217070088461163,0.003387042167820423,-0.013998250218722658,0.0014483974361574154,0.01555361135413629,0.003387042167820423
ASSISTments,Markov,Rare Skill Path,rare_skill_path,0.04870224555263925,0.0,0.02109458539904734,0.007553666639472115,0.027704870224555266,0.006781055711711981,-0.027607660153591913,0.007553666639472116,-0.020997375328083986,0.006781055711711981
ASSISTments,Markov,Recovery,recovery,0.033245844269466314,0.0,0.034217944979099836,0.0031439606549618416,0.04306406143676485,0.0046437526635544615,0.0009721007096335221,0.0031439606549618416,0.009818217167298535,0.0046437526635544615
ASSISTments,SeqVAE,High Hint Use,high_hint_use,0.04199475065616798,0.0,0.003013512199863906,0.0026550987233882888,0.005054923690094294,0.0023851160000749098,-0.03898123845630407,0.0026550987233882896,-0.03693982696607368,0.002385116000074912
ASSISTments,SeqVAE,Late Correctness Decline,late_failure,0.026538349372995044,0.0,0.018081073199183437,0.00695442777195292,0.02430251774083795,0.005646558075807372,-0.008457276173811609,0.00695442777195292,-0.0022358316321570934,0.005646558075807372
ASSISTments,SeqVAE,Persistent Low Correctness,persistent_failure,0.024496937882764653,0.0,0.0007776805677068145,0.0009014891120341891,0.0008748906386701664,0.001037919534561224,-0.023719257315057838,0.0009014891120341892,-0.023622047244094488,0.001037919534561225
ASSISTments,SeqVAE,Rapid Low-Accuracy Responding,rapid_guessing,0.025663458734324875,0.0,0.0010693107805968699,0.0005992431226760937,0.0011665208515602215,0.001448397436157416,-0.024594147953728007,0.0005992431226760949,-0.024496937882764653,0.0014483974361574165
ASSISTments,SeqVAE,Rare Skill Path,rare_skill_path,0.04870224555263925,0.0,0.9852240692135705,0.007274535601776887,0.9897929425488481,0.006204714065221293,0.9365218236609313,0.007274535601776887,0.9410906969962088,0.006204714065221293
ASSISTments,SeqVAE,Recovery,recovery,0.033245844269466314,0.0,0.023330417031204434,0.009666416171599926,0.025177408379508118,0.006256281874095104,-0.009915427238261882,0.009666416171599926,-0.008068435889958198,0.006256281874095104
ASSISTments,TimeGAN,High Hint Use,high_hint_use,0.04199475065616798,0.0,0.00019442014192670362,0.00027495160151124625,9.721007096335181e-05,0.00013747580075562313,-0.04180033051424128,0.0002749516015112448,-0.041897540585204625,0.0001374758007556224
ASSISTments,TimeGAN,Late Correctness Decline,late_failure,0.026538349372995044,0.0,0.0028190920579372024,0.003986798221913071,0.00048605035481675906,0.0006873790037781156,-0.02371925731505784,0.003986798221913071,-0.026052299018178286,0.0006873790037781152
ASSISTments,TimeGAN,Persistent Low Correctness,persistent_failure,0.024496937882764653,0.0,0.0,0.0,0.0,0.0,-0.024496937882764653,0.0,-0.024496937882764653,0.0
ASSISTments,TimeGAN,Rapid Low-Accuracy Responding,rapid_guessing,0.025663458734324875,0.0,0.0,0.0,0.0,0.0,-0.025663458734324875,0.0,-0.025663458734324875,0.0
ASSISTments,TimeGAN,Rare Skill Path,rare_skill_path,0.04870224555263925,0.0,0.1490230387868183,0.20295004482574291,0.08437834159618937,0.11460840623288633,0.10032079323417906,0.20295004482574294,0.03567609604355011,0.11460840623288633
ASSISTments,TimeGAN,Recovery,recovery,0.033245844269466314,0.0,0.003596772625644017,0.005086604627958055,0.0007776805677068145,0.001099806406044985,-0.029649071643822297,0.005086604627958054,-0.0324681637017595,0.0010998064060449857
EdNet,Markov,Late Correctness Decline,late_failure,0.07607425678307153,0.0,0.020684581764680427,0.001431289576229281,0.03241161452248042,0.0008095671354826972,-0.0553896750183911,0.001431289576229278,-0.04366264226059111,0.0008095671354826972
EdNet,Markov,Persistent Low Correctness,persistent_failure,0.047643775152537975,0.0,0.003505127872257562,0.0010111490281317168,0.007832446233069367,0.0008632973016253409,-0.04413864728028041,0.0010111490281317175,-0.03981132891946861,0.000863297301625341
EdNet,Markov,Rapid Low-Accuracy Responding,rapid_guessing,0.03920550434895495,0.0,0.003894586524730624,0.0010222001653916407,0.07629062270111212,0.0038104980678958524,-0.035310917824224325,0.0010222001653916418,0.037085118352157165,0.0038104980678958524
EdNet,Markov,Rare Skill Path,rare_skill_path,0.0501103466182007,0.0,0.01756891254489593,0.006001102885753505,0.020684581764680427,0.0016904258067960197,-0.03254143407330477,0.006001102885753505,-0.029425764853520272,0.0016904258067960197
EdNet,Markov,Recovery,recovery,0.04348954952615864,0.0,0.021333679518802197,0.0007445000014749775,0.020424942663031718,0.0019611872765804947,-0.022155870007356443,0.0007445000014749775,-0.023064606863126922,0.0019611872765804947
EdNet,SeqVAE,Late Correctness Decline,late_failure,0.07607425678307153,0.0,0.014063784672638366,0.0035112662209703213,0.017006361157990393,0.0016826536929528397,-0.06201047211043317,0.0035112662209703183,-0.05906789562508114,0.0016826536929528393
EdNet,SeqVAE,Persistent Low Correctness,persistent_failure,0.047643775152537975,0.0,0.001730927344324722,0.0008095671354826997,0.0011251027738110693,0.0003407333884638804,-0.04591284780821325,0.0008095671354826997,-0.04651867237872691,0.00034073338846387843
EdNet,SeqVAE,Rapid Low-Accuracy Responding,rapid_guessing,0.03920550434895495,0.0,0.00017309273443247218,0.00016191342709653993,0.00021636591804059024,0.00016191342709653993,-0.03903241161452248,0.00016191342709654055,-0.03898913843091436,0.00016191342709654055
EdNet,SeqVAE,Rare Skill Path,rare_skill_path,0.0501103466182007,0.0,0.9028949759833831,0.009934376980246152,0.9151412869444805,0.00480897286141607,0.8527846293651824,0.009934376980246152,0.8650309403262798,0.00480897286141607
EdNet,SeqVAE,Recovery,recovery,0.04348954952615864,0.0,0.019646025358085593,0.004011589834203744,0.018953654420355705,0.0015686156008820693,-0.023843524168073046,0.004011589834203744,-0.024535895105802934,0.0015686156008820693
EdNet,TimeGAN,Late Correctness Decline,late_failure,0.07607425678307153,0.0,0.0,0.0,0.0,0.0,-0.07607425678307153,0.0,-0.07607425678307153,0.0
EdNet,TimeGAN,Persistent Low Correctness,persistent_failure,0.047643775152537975,0.0,0.0,0.0,0.0,0.0,-0.047643775152537975,0.0,-0.047643775152537975,0.0
EdNet,TimeGAN,Rapid Low-Accuracy Responding,rapid_guessing,0.03920550434895495,0.0,0.0,0.0,0.0,0.0,-0.03920550434895495,0.0,-0.03920550434895495,0.0
EdNet,TimeGAN,Rare Skill Path,rare_skill_path,0.0501103466182007,0.0,0.8806092864252023,0.011890759062774366,0.8978320135012333,0.004936558053182289,0.8304989398070016,0.011890759062774366,0.8477216668830326,0.004936558053182289
EdNet,TimeGAN,Recovery,recovery,0.04348954952615864,0.0,0.0,0.0,0.0,0.0,-0.04348954952615864,0.0,-0.04348954952615864,0.0
OULAD,Markov,Late Disengagement,late_failure,0.06735194845044493,0.0,0.09298608980259793,0.001397851457358761,0.08112150966554157,0.00046132808000073086,0.025634141352153004,0.001397851457358761,0.013769561215096654,0.00046132808000073086
OULAD,Markov,Rare Activity Path,rare_skill_path,0.04464559680883707,0.0,0.01732382121305104,0.0006697249081368927,0.10667894037025673,0.0023869491725713346,-0.02732177559578603,0.0006697249081368927,0.06203334356141966,0.002386949172571337
OULAD,Markov,Reengagement,recovery,0.002224608775698067,0.0,0.03430244451263168,0.0009062107572194619,0.029060550271044285,0.0010430642351626851,0.03207783573693362,0.0009062107572194635,0.026835941495346217,0.0010430642351626851
OULAD,SeqVAE,Late Disengagement,late_failure,0.06735194845044493,0.0,0.04850669939654291,0.003337329510819228,0.045514984146466195,0.002467956374891268,-0.01884524905390202,0.003337329510819228,-0.02183696430397873,0.002467956374891268
OULAD,SeqVAE,Rare Activity Path,rare_skill_path,0.04464559680883707,0.0,0.023767515597831645,0.0009510951679143541,0.04036258566022297,0.002784454441616252,-0.020878081211005425,0.0009510951679143541,-0.0042830111486140965,0.002784454441616252
OULAD,SeqVAE,Reengagement,recovery,0.002224608775698067,0.0,0.024087143295489413,0.0011912812013190304,0.02421499437455252,0.001229499363830551,0.021862534519791345,0.0011912812013190304,0.021990385598854453,0.001229499363830551
OULAD,TimeGAN,Late Disengagement,late_failure,0.06735194845044493,0.0,0.07821929017080904,0.05560875004549365,0.06962769765776823,0.04924712374973532,0.010867341720364113,0.05560875004549365,0.002275749207323305,0.04924712374973532
OULAD,TimeGAN,Rare Activity Path,rare_skill_path,0.04464559680883707,0.0,0.0020584023729160275,0.0014796518624505786,0.002032832157103406,0.0014983142823430968,-0.042587194435921044,0.0014796518624505786,-0.042612764651733664,0.0014983142823430963
OULAD,TimeGAN,Reengagement,recovery,0.002224608775698067,0.0,0.029239541781732638,0.020714344870055933,0.030812110054208856,0.021795575586711732,0.027014933006034574,0.020714344870055933,0.028587501278510792,0.021795575586711732
