dataset,model,rare_group,prevalence_match_change,conditional_shape_change,rare_group_auprc_change
ASSISTments,Markov,high_hint_use,0.013317779721979199,-0.005549300118410189,0.02224253887289192
ASSISTments,Markov,late_failure,-0.015067560999319532,-0.004782838161341803,-0.0009754483921924351
ASSISTments,Markov,persistent_failure,0.01458151064450277,-0.004429613596280249,-0.003279824128636019
ASSISTments,Markov,rapid_guessing,-0.0015553611354136316,0.0429504800956722,0.0032605095041144116
ASSISTments,Markov,rare_skill_path,0.006610284825507926,-0.007999011401861558,-0.0001648072131913425
ASSISTments,Markov,recovery,-0.006707494896471276,-0.007915028139690276,-0.022350534916194726
ASSISTments,SeqVAE,high_hint_use,0.002041411490230391,0.04112077294685995,-0.004416261436459438
ASSISTments,SeqVAE,late_failure,0.0038884028385340725,0.01431814817364043,-0.020565839264474545
ASSISTments,SeqVAE,persistent_failure,9.721007096335245e-05,,-0.005826532875085934
ASSISTments,SeqVAE,rapid_guessing,9.721007096335128e-05,,-0.012657621524460367
ASSISTments,SeqVAE,rare_skill_path,-0.0045688733352775195,-0.028237604866701543,0.021885776754286084
ASSISTments,SeqVAE,recovery,0.0022358316321570934,-0.012645640740033394,-0.06708721310982518
ASSISTments,TimeGAN,high_hint_use,-9.721007096335128e-05,,-0.029989405480003502
ASSISTments,TimeGAN,late_failure,-0.0023330417031204435,,-0.040913905977057664
ASSISTments,TimeGAN,persistent_failure,0.0,,-0.02025250753550473
ASSISTments,TimeGAN,rapid_guessing,0.0,,-0.027936832558866923
ASSISTments,TimeGAN,rare_skill_path,0.06172839506172839,-0.03804646773685287,-0.0054220771254310796
ASSISTments,TimeGAN,recovery,-0.002819092057937201,,0.024190600039272054
EdNet,Markov,late_failure,0.01172703275779999,-0.007846466991256837,-0.008848382668932028
EdNet,Markov,persistent_failure,0.004327318360811801,-0.00024027867048253526,-0.01226309691969269
EdNet,Markov,rapid_guessing,-0.0017742005279328375,0.003510277800967139,0.015510400180652991
EdNet,Markov,rare_skill_path,0.0031156692197845,0.10972100113786774,0.008500142584552228
EdNet,Markov,recovery,-0.0009087368557704779,-0.0009482481427534652,-0.04524786084503599
EdNet,SeqVAE,late_failure,0.0029425764853520248,0.0016774000842642578,0.01053720924707624
EdNet,SeqVAE,persistent_failure,-0.000605824570513655,-0.005084977843833424,-0.007302992372272522
EdNet,SeqVAE,rapid_guessing,4.3273183608118215e-05,,-0.03868351221825589
EdNet,SeqVAE,rare_skill_path,-0.012246310961097406,0.012290691574662208,-0.006116967668413705
EdNet,SeqVAE,recovery,-0.0006923709377298892,0.01173369951833469,-0.00893012413505967
EdNet,TimeGAN,late_failure,0.0,,-0.09911931578455034
EdNet,TimeGAN,persistent_failure,0.0,,-0.015007251184619144
EdNet,TimeGAN,rapid_guessing,0.0,,-0.01961395902168585
EdNet,TimeGAN,rare_skill_path,-0.017222727076031008,-0.00036412601957995044,0.019824170613242303
EdNet,TimeGAN,recovery,0.0,,0.06185220813988279
OULAD,Markov,late_disengagement,0.011864580137056352,-0.0013564308623417083,0.0017897065054785315
OULAD,Markov,rare_activity_path,-0.034711567965633634,-0.0005688153496665275,0.00017005193036745414
OULAD,Markov,reengagement,0.0052418942415874,-0.0015175871905807696,0.0050015917198174735
OULAD,SeqVAE,late_disengagement,-0.002991715250076713,-0.0018084886574189125,-0.00035142244478895507
OULAD,SeqVAE,rare_activity_path,0.016595070062391328,0.0012727666726240275,0.0006492336199319659
OULAD,SeqVAE,reengagement,-0.00012785107906310733,-0.00022202328826376647,0.003309297297092321
OULAD,TimeGAN,late_disengagement,0.008591592513040808,-0.006434460874616299,-0.06027853607216912
OULAD,TimeGAN,rare_activity_path,-2.5570215812622626e-05,0.005330717468267299,-0.026390655437829813
OULAD,TimeGAN,reengagement,-0.0015725682724762186,-0.004609773686070212,0.04032397546198948
