dataset,model,measure,standard_mean,standard_sd,targeted_mean,targeted_sd,targeted_minus_standard_mean
ASSISTments,Markov,membership_advantage,0.01194543147208127,0.008779417174978169,0.05282868020304569,0.019415659972647402,0.04088324873096442
ASSISTments,SeqVAE,membership_advantage,0.023471235194585455,0.009516881083087493,0.041224196277495816,0.025277931180358038,0.01775296108291036
ASSISTments,TimeGAN,membership_advantage,0.0011150592216582211,0.0009118267327972192,0.022094331641285974,0.017318050526995234,0.020979272419627753
EdNet,Markov,membership_advantage,0.0,0.0,0.0,0.0,0.0
EdNet,SeqVAE,membership_advantage,0.0,0.0,0.0,0.0,0.0
EdNet,TimeGAN,membership_advantage,0.004865530288278371,0.006880898921820347,0.0,0.0,-0.004865530288278371
OULAD,Markov,behavior_copy_rate,0.028999999999999998,0.0009354143466934847,0.0315,0.0005400617248673222,0.0025000000000000022
OULAD,SeqVAE,behavior_copy_rate,0.0030833333333333338,0.0009204467514322719,0.0026666666666666666,0.00031180478223116184,-0.0004166666666666672
OULAD,TimeGAN,behavior_copy_rate,0.15566666666666665,0.09061050650387564,0.15866666666666665,0.0972874463752761,0.0030000000000000027
