dataset,model,standard_loss,standard_loss_sd,standard_loss_seed_values,targeting_gain,targeting_gain_sd,targeting_gain_seed_values,standard_augmentation_gain,targeted_augmentation_gain
ASSISTments,Markov,0.027628075487921084,0.00020824951778338394,"[0.027461172569775427, 0.02750138567446192, 0.027921668219525908]",-0.00021113859545233518,0.0004283993717305966,"[-0.0006310433575346108, -0.00037940443929496137, 0.0003770320104725666]",-0.0034075687754554496,-0.0042708476886428315
ASSISTments,SeqVAE,0.17786884529101432,0.005553838774213513,"[0.17418155819726067, 0.185718371213622, 0.1737066064621603]",0.014091560993964617,0.008145906823966667,"[0.020159346117994525, 0.002577091520938768, 0.01953824534296056]",-0.004530400974056954,-0.004623486023194697
ASSISTments,TimeGAN,0.1602333346547745,0.03809700758582921,"[0.20128185310483016, 0.1094876040842997, 0.1699305467751936]",-0.0017407435223687484,0.01871431518008033,"[0.024451467294188456, -0.011548314546632854, -0.018125383314661847]",-0.008621130999055518,-0.00557305418605684
EdNet,Markov,0.030786394164896147,0.0012026391406022045,"[0.029974347624416864, 0.02989822012953114, 0.03248661474074044]",-0.006603134754612494,0.0020427100181327914,"[-0.005416065905688883, -0.009477490738996619, -0.004915847619151981]",-0.002380849629595986,-0.008009094207289383
EdNet,SeqVAE,0.14300177971637354,0.015873767262106646,"[0.12835994447301502, 0.13558576325504046, 0.16505963142106517]",0.006901093193159828,0.005597879066555057,"[-0.0010139985592552136, 0.010992306487990988, 0.010724971650743709]",-0.004584155113725637,-0.005189880460062153
EdNet,TimeGAN,0.16424979915777801,0.008438236800614982,"[0.1597032790770413, 0.15696781839419627, 0.17607830000209646]",0.008195872782496708,0.009217303474966812,"[0.008010707361980063, -0.0029992506670338814, 0.019576161652543944]",-0.005600589244164548,-0.005333819233101167
OULAD,Markov,0.023417895648796372,0.0005813082451166863,"[0.02331773468103082, 0.02417462650532687, 0.022761325760031426]",0.0018386371717532175,0.0008644318075964365,"[0.0016248055545633466, 0.002987939930858441, 0.0009031660298378652]",-0.0045579478214671605,-0.004350533795285642
OULAD,SeqVAE,0.027297247525668793,0.0005844119118154094,"[0.02730523070531954, 0.02657753383499728, 0.028008978036689558]",0.0014405960544602674,0.0011852549038675237,"[0.0023987003272435414, -0.00022957779383525612, 0.0021526656299725166]",-0.004551152337851712,-0.004416043222664941
OULAD,TimeGAN,0.1023480143979868,0.09236650330068857,"[0.03875586134831954, 0.03532918844918065, 0.2329589933964602]",-0.03441044313845202,0.042934742912338696,"[-0.001968721452993649, -0.0061820155280982725, -0.09508059243426414]",-0.005868980963447901,-0.005672267841235386
